KIC,Porb,sol,chi_fit,window,dur1,dur2,ecc
1026032,8.46,[ 0.07812933  2.26244945  0.04337871  0.02914778 -1.74318439  0.04350769],2951.006688764064,51.0,0.2681006068367697,0.2688977090133932,0.0416852478225652
1575690,2.252,[ 0.02950996  0.80450508  0.0182425   0.01884038 -0.32071922  0.01701145],9277.545813167728,11.0,0.1127471025681776,0.1051386526329165,0.03492363781631
2019076,7.129,[ 0.09659386  1.30831479  0.03312043  0.05079151 -2.25549206  0.03398783],35414.44529315316,51.0,0.2046996506692195,0.2100605510713675,0.0129262031667804
2162994,4.102,[ 0.37759393  1.1185588   0.05230235  0.33016651 -0.93264833  0.05439028],467105.7113118874,11.0,0.3232528108501551,0.3361572258725298,0.0195697976874313
2305543,1.362,[ 0.10462281 -0.03593017  0.02410556  0.09946961  0.64501724  0.0248639 ],6358649.650780877,21.0,0.1489835486764703,0.15367044454568,0.0154861059555125
2306740,10.307,[ 0.35271549  1.91330409  0.0975391   0.31776121 -3.08074418  0.05551875],378708.1924886492,111.0,0.6028369803871148,0.3431316391461712,0.2756124406228312
2309587,1.839,[ 0.11045385  0.58485826  0.02866075  0.020957   -0.33542071  0.02429715],114747.04390544548,21.0,0.17713672826809,0.1501676926386282,0.0824000935227476
2437060,3.187,[ 0.09582923  0.38407361  0.05855909  0.01353786 -1.19633275  0.04439797],18513.082890847472,41.0,0.3619223720089033,0.2744000527710284,0.137695297047998
2438061,4.886,[ 0.00838988 -1.93242102  0.03686053  0.00449805  0.51165221  0.03422472],3495.0731826220867,41.0,0.2278152031736122,0.2115246823186726,0.0370811452458438
2441161,4.384,[ 0.088521    1.34222336  0.02790322  0.05657733 -0.85384312  0.02774502],94281.06655051504,51.0,0.1724548910433472,0.1714771167558335,0.0031945544350654
2445134,8.412,[ 0.14605518 -0.27671917  0.05121494  0.00763174  3.93563678  0.05197892],120338.9280890862,111.0,0.3165321176640936,0.3212538708061885,0.0074978823760013
2447893,0.662,[ 0.15301164 -0.07011811  0.01995855  0.09156768  0.26108377  0.01730845],1998340.132559441,21.0,0.1233531208124213,0.1069742504407867,0.0711128767324959
2449090,4.944,[ 0.07116123 -1.38265226  0.03966607  0.02217067  1.08980373  0.0356435 ],52451.844103448086,51.0,0.24515474783608,0.2202933627222156,0.0534140670043958
2557430,1.298,[ 0.04188168 -0.37812002  0.02524861  0.03202268  0.27190922  0.02467194],119799.27832431716,31.0,0.1560481233069045,0.1524840701435081,0.0116185969677501
2558370,1.092,[ 0.03815892  0.43440275  0.02086895  0.04271559 -0.11226484  0.02197849],97989.03478599062,41.0,0.1289798174795599,0.1358372817250047,0.0259128960176054
2569494,1.523,[ 0.0805278  -0.41461529  0.04232668  0.00649883  0.34473666  0.03782692],57017.51435607395,31.0,0.2615985749750703,0.2337879469568558,0.056182948394213
2580872,15.927,[ 0.28503222 -1.88790191  0.06443788  0.1793973   5.5287551   0.0982971 ],22126.738992434974,31.0,0.3982560250916043,0.6075217261554098,0.214939836677666
2711114,2.859,[ 0.00326092 -0.19652725  0.02251507  0.00220551  1.23396259  0.02156121],4671.790036243619,21.0,0.1391535629889958,0.1332583194150802,0.0216477515328436
2852560,11.961,[ 0.31518975  0.40089314  0.04019525  0.20072597 -3.01694469  0.06891508],10664.452234628528,11.0,0.2484253216718205,0.425927226169323,0.4272548464291213
2854948,0.974,[ 0.03386333  0.22059917  0.02068874  0.01226985 -0.26566723  0.01671159],25065.199556447147,21.0,0.127866022660719,0.1032853872509551,0.1063465571053008
2860788,5.26,[ 0.10207537  0.55440747  0.05961138  0.09506295 -2.07582447  0.05996774],73032.52127287688,11.0,0.368426008965365,0.3706285238023481,0.0029809838508049
2997455,1.13,[ 0.00463547  0.27481976  0.01940852  0.00048529 -0.28561574  0.01620876],2796.899567541556,21.0,0.1199536630060876,0.1001776668886482,0.0900610535471326
3003991,7.245,[ 0.09529337  0.34712996  0.03381731  0.00472168 -3.27636066  0.03398631],26770.75185201636,41.0,0.2090066812119807,0.2100511876368358,0.00250174756548
3097352,4.03,[ 0.08930771  1.29521757  0.04291925  0.00434048 -0.722077    0.03692752],56844.31647939656,71.0,0.2652609261844389,0.228229212344474,0.075045762914384
3102024,13.783,[0.24037296 5.15874442 0.0721008  0.16440141 1.00206757 0.02642456],72249.82368907442,41.0,0.4456164627739909,0.1633160704554243,0.5586292825405063
3114667,0.889,[ 0.18255583  0.07931497  0.02246905  0.13498449 -0.3654646   0.02168862],729767.352423276,21.0,0.1388691617466847,0.1340457238079848,0.0176806829444782
3115480,3.694,[ 0.02533912 -0.01260566  0.03094948  0.01335485  1.83278826  0.02676534],13102.230943752296,11.0,0.1912821830606822,0.1654222598075176,0.0724999960520985
3120320,10.266,[ 0.15443211 -4.58238939  0.05105166  0.01420041  0.78689262  0.05291468],200136.356105331,21.0,0.3155229879258403,0.3270373173864114,0.0403506617408892
3122985,0.993,[ 0.02313676  0.10349644  0.01969208  0.00177449 -0.39257415  0.01626266],11025.453059057654,21.0,0.1217062097716275,0.100510810557555,0.0953839479360599
3248019,2.668,[ 0.04932549  0.21844278  0.02833364  0.04859746 -1.11541851  0.02796577],14803.47432301334,41.0,0.175115081337645,0.1728414496420356,0.0065347509525423
3335816,7.422,[ 0.0237543   0.81676553  0.03386362  0.01217345 -2.89335443  0.03310276],3934.7843118608735,11.0,0.2092928854711959,0.2045904170819321,0.0113633484335249
3344427,0.652,[ 0.24224868 -0.08246843  0.02012843  0.15258838  0.24411543  0.01803609],5109067.535712024,21.0,0.1244030278402337,0.1114714252595079,0.0548421333268415
3348093,7.964,[ 0.26634561  1.21189641  0.0255083   0.20129272 -2.7331678   0.03872978],70073.36578377194,21.0,0.1576531481496399,0.2393680592350699,0.2059489053252893
3427776,4.017,[ 0.03979843 -1.28983497  0.02149752  0.01339172  0.718481    0.01973902],11106.001923373968,21.0,0.132864665041251,0.121996309981345,0.0426443104273345
3449540,3.212,[ 0.40579215  0.9820012   0.04075598  0.40183069 -0.62406883  0.04052413],249344.96930892183,61.0,0.2518909214251066,0.2504579729352458,0.0028527021370839
3458919,0.892,[ 0.07678386  0.305017    0.02011167  0.052364   -0.14189545  0.01941068],362184.3700354856,31.0,0.1242994736136765,0.119967048574488,0.0178091012622485
3459199,3.141,[ 0.0027469  -0.7621673   0.02960852  0.00151411  0.80992778  0.02660354],4877.366693233261,21.0,0.1829943904517286,0.1644222460251854,0.0534637954422137
3542573,6.943,[ 0.09791189 -0.6735238   0.04594427  0.09556211  2.79760586  0.04555604],48972.13147363493,11.0,0.2839569057248789,0.2815574921962254,0.0042437139428419
3543270,4.177,[ 0.06748936  1.68355184  0.04432548  0.02527813 -0.40531081  0.04077175],28233.93044804437,61.0,0.2739520623193114,0.2519883556398595,0.0417610494441493
3544694,3.846,[ 0.1078318   0.80019131  0.03378535  0.05730961 -1.12571303  0.03226058],72511.27416387833,41.0,0.2088091387478681,0.1993853681304416,0.0231169247106553
3547315,1.285,[ 0.02569422  0.34839913  0.01919564  0.01986154 -0.29538255  0.01912863],8646.806082810082,41.0,0.118637986684685,0.1182238263442333,0.0023477749410797
3654950,8.135,[ 0.06719011  1.1550491   0.05287049  0.06272223 -2.9104441   0.05256018],41305.456230459706,71.0,0.3267641658916599,0.3248463225808535,0.0029686343771266
3659940,0.896,[ 0.0529527   0.15873059  0.01788972  0.02448579 -0.28316945  0.01506352],33864.298398239844,21.0,0.1105667913703739,0.0930995830053978,0.0864279789454592
3662635,0.939,[ 0.08648676 -0.4286839   0.02264138  0.07128664  0.04006221  0.02013605],174999.76462638905,21.0,0.1399342714632668,0.124450142250897,0.0585803017036203
3749508,1.066,[ 0.00347063 -0.22617725  0.01524893  0.00277532  0.30554959  0.01578166],2292.568592267788,21.0,0.094245476266953,0.0975380173557344,0.0172702107734163
3834364,2.908,[ 0.06536019  0.80554885  0.02401055  0.00834936 -0.64718608  0.02054156],7048.565030947962,21.0,0.148396361568631,0.1269564036508181,0.0778665997984077
3838496,5.98,[ 0.25974666 -2.24827447  0.06715932  0.19494909  0.74513837  0.06556616],50698.47831992825,111.0,0.4150758184330323,0.4052293531345734,0.0120368469462114
3848919,1.047,[ 0.40039821  0.258285    0.02906468  0.35000525 -0.26491174  0.02737383],5832356.215406371,91.0,0.1796332552065006,0.1691830163731538,0.0299626041843688
3848972,0.741,[ 0.00189719 -0.30475271  0.01118757  0.00166371  0.06541647  0.01078907],1971.305277320309,31.0,0.0691443880414335,0.0666814550222162,0.0181465782367342
3865298,9.531,[ 0.31322244 -3.66860374  0.04995801  0.30844689 -0.28701417  0.05130643],97966.52531237382,11.0,0.308763689446681,0.3170975536555014,0.2284695188189194
3957477,0.979,[ 0.04738916  0.41839506  0.0269107   0.03401446 -0.07127054  0.02528104],205964.64561567307,31.0,0.1663206312676835,0.1562485615886495,0.0312256551288091
3965242,0.997,[ 0.0173885   0.39565144  0.01298565  0.0019516  -0.10299335  0.01040532],12526.515124602758,11.0,0.0802573451739744,0.0643097108542352,0.1103132958374112
3973002,3.984,[ 0.07924502 -0.6123727   0.03644544  0.06418384  1.38007996  0.03675466],5911.537860103206,51.0,0.2252497382285203,0.2271608616889859,0.0042280804164256
3973504,4.319,[ 0.05893891  0.70574692  0.02502136  0.01367559 -1.45277225  0.01773634],18415.7722845951,11.0,0.1546436377150428,0.1096188372314448,0.1703794652592043
4035675,2.874,[ 0.04583394  1.06819     0.01905237  0.00361244 -0.36918298  0.01229152],22929.977108417403,11.0,0.1177524843796993,0.0759672999076902,0.2156992032905463
4049124,4.804,[ 0.14090596 -0.31068817  0.03338655  0.00653768  2.10600851  0.03431052],29486.26623683516,51.0,0.206344404592952,0.2120549775630811,0.0144698759493676
4069063,0.504,[ 0.00475883 -0.10763235  0.01296653  0.00256475  0.14463419  0.01097363],13740.442164935484,11.0,0.0801391979712841,0.0678221045267137,0.0832495151558399
4078693,2.757,[ 0.00339738 -1.29665636  0.01530303  0.00136841  0.07894692  0.01287396],2638.6928623487165,21.0,0.0945798227219478,0.0795670495094113,0.0862233353332385
4149684,4.321,[ 0.07575052  1.53875896  0.03877851  0.01196429 -0.6119308   0.03777643],99097.06639318854,51.0,0.2396692069502251,0.2334758965657282,0.0135667849745596
4174507,3.892,[ 0.0120358   1.53003236  0.02616771  0.00713336 -0.41134384  0.02631877],9847.19008091695,31.0,0.1617285988505901,0.1626622307438844,0.0034301623131521
4275739,4.344,[ 0.0443489  -1.63981736  0.02956231  0.03948918  0.53191692  0.02956003],7019.969921327583,41.0,0.1827088097650779,0.1826947306935369,0.0001035238509098
4285087,4.486,[ 0.27532468  1.93881873  0.03775616  0.26504897 -0.30436584  0.03772586],467267.8294604763,11.0,0.2333506226824948,0.2331633571758388,0.0004065835717413
4352168,10.644,[ 0.43582762  3.42948017  0.05344176  0.1240134  -2.94724595  0.04181954],77050.94624997946,11.0,0.3302949092696225,0.2584641742433646,0.1977686209977867
4357272,2.086,[ 0.01997076 -0.5875902   0.03086347  0.01507641  0.4443953   0.03077006],13010.39398719214,31.0,0.1907505672549062,0.1901732392171934,0.0084314597694175
4380283,1.745,[ 0.30550042 -0.35617939  0.03236784  0.228741    0.51632844  0.03292722],152550.78023309357,101.0,0.2000482624278575,0.2035054901117103,0.0085669599935632
4386047,2.901,[ 0.16471438 -0.50931516  0.03669703  0.00748247  0.9414178   0.0316384 ],19683.50231532529,41.0,0.2268046760666593,0.1955400369232023,0.0740264612498775
4454219,2.451,[ 0.1045067  -0.80633577  0.0202234   0.0954764   0.41806465  0.02026677],3588.136088925779,11.0,0.1249900369022791,0.1252580450259039,0.0012820212191086
4456622,1.503,[ 0.02045224 -0.25230385  0.02173901  0.01366752  0.49970166  0.02080969],57771.98328006621,41.0,0.1343571855765466,0.128613557636803,0.0218477078606127
4480676,1.424,[ 0.00661089 -0.13549321  0.018178    0.00618961  0.5747696   0.01868147],1351.6074619283158,31.0,0.1123484834326891,0.1154601748871237,0.0137929956245508
4579321,2.112,[ 0.18058333  0.71049561  0.02366299  0.06556263 -0.34553344  0.02296554],11145.019292406658,41.0,0.1462482630852,0.1419377277664625,0.0149574925591716
4678171,15.289,[ 0.51804129  1.29375783  0.04119893  0.24956742 -6.38443768  0.04201892],5967.505726391354,11.0,0.2546285517485027,0.2596964174808125,0.0104438865776698
4737267,9.524,[ 0.3565386  -1.42289744  0.11093788  0.08673891  3.26667039  0.06373209],573085.6460592616,11.0,0.6856476353942744,0.3938939478390511,0.270520919956735
4751083,4.532,[ 0.04293587  0.15161424  0.03101523  0.01706138 -2.07894772  0.03017068],9546.946656597403,51.0,0.1916885549474645,0.1864688496317843,0.0184767828463469
4753988,7.304,[ 0.14151149  3.51401376  0.03687307  0.05084089 -0.16224627  0.03596641],8828.664958660529,101.0,0.2278927014650298,0.2222891537747329,0.0134965196622577
4757331,2.362,[ 0.06253637 -0.56852613  0.02465893  0.04332414  0.61205798  0.0246133 ],2640.189200066412,41.0,0.1524036722896244,0.1521216483044087,0.0009665270188137
4832197,1.895,[ 0.01220009 -0.46639331  0.01677916  0.01076657  0.47953287  0.01646581],8369.172475176461,21.0,0.1037029983811044,0.1017663326690185,0.0095154234337441
4839180,8.853,[ 0.29602711  0.41384813  0.05259309  0.18287311 -4.02679688  0.0535063 ],91972.67006566796,111.0,0.3250497610925559,0.3306938070438421,0.0089655432508325
4840263,1.916,[ 0.13744993 -0.05831672  0.03229923  0.07016819  0.90013424  0.03133063],208235.7381227083,31.0,0.1996242458901037,0.1936378413727495,0.0152269187998374
4840818,10.05,[ 0.05411619  1.60728425  0.03793792  0.02672116 -3.41726078  0.03754484],3631.2699851510415,11.0,0.2344739894122502,0.2320445447549612,0.0052080913577014
4902030,1.758,[ 0.52518524  0.75024029  0.0230431   0.2899673  -0.12873592  0.02341024],51765.0378522035,31.0,0.1424170869598966,0.144686187838565,0.0079034594395292
4908495,3.12,[ 0.26133228  0.85822711  0.0297724   0.20743287 -0.70340756  0.02977443],345255.4772666999,31.0,0.1840072771007752,0.1840198005879951,0.000823692715502
4935914,3.486,[ 0.05436427 -0.24061559  0.0243999   0.00603611  1.50320422  0.01382627],2374.9164284080166,11.0,0.1508027333196957,0.08545277452497,0.2766073801545142
4940201,8.817,[ 0.04030373  2.77297008  0.03522651  0.01898036 -1.62699464  0.03666164],1900.750719852313,11.0,0.2177162285133596,0.2265859658012945,0.0200211269321945
4947726,4.726,[ 0.18862358  1.4110809   0.03941708  0.01503075 -0.71306953  0.03126539],12631.659531876829,51.0,0.2436158816558173,0.1932346130887443,0.1400106128013818
4948863,8.644,[ 0.06945663 -0.32592139  0.02899368  0.0151837   4.02178183  0.02884055],1931.975247818713,11.0,0.1791944159906628,0.1782480213168735,0.0053690543825089
4990977,2.649,[ 0.05299263 -0.78207489  0.02301748  0.01602079  0.54257162  0.02214989],5358.82404027632,21.0,0.1422587382831663,0.1368966293798013,0.0192085281868021
5016163,5.246,[ 0.41642328  0.3440824   0.06042533  0.41233555 -2.2791935   0.06033588],43295.60301957377,111.0,0.3734566288910896,0.3729037406448414,0.000745371654854
5021174,4.045,[ 0.13542982  0.71414867  0.0286955   0.00946925 -1.31177696  0.01562462],14198.858987247804,11.0,0.1773515188859038,0.0965673943939497,0.2949228489896538
5022440,3.694,[ 0.02899914 -1.59584627  0.02136231  0.00879372  0.25140589  0.02043899],1928.313425303456,21.0,0.1320290009856646,0.1263224480273054,0.0220885937076583
5023948,3.649,[ 0.17650131 -0.98266156  0.03732558  0.1672685   0.84189771  0.03728166],90887.32435134196,61.0,0.2306894425049264,0.2304179915559148,0.0005892460517392
5024292,4.301,[ 0.17829904 -1.10780518  0.0499068   0.14035052  1.07189377  0.05395595],153591.1032998623,101.0,0.3084472168090791,0.3334728538337974,0.0404177726477057
5024450,3.052,[ 0.02748846  0.04942215  0.02863468  0.02323333 -1.47825273  0.0292764 ],12365.871378432068,41.0,0.1769756359906394,0.1809417525437107,0.0111145735678609
5036538,2.122,[ 0.41570918  1.00934104  0.02403876  0.32315399 -0.05144649  0.02412911],505178.3684166568,31.0,0.1485707026856686,0.1491290874186569,0.0018822462193584
5039441,2.151,[ 0.28727037 -0.33713671  0.03179988  0.0202997   0.73465887  0.0335617 ],479704.85776136885,61.0,0.1965380241082489,0.2074268885316756,0.0270903826368715
5080652,4.144,[ 0.34098351 -0.48822098  0.04170161  0.18520585  1.58313571  0.04168803],33326.73405681536,61.0,0.2577352996049313,0.2576513661402999,0.0002932293571194
5181455,5.58,[ 0.12313558  2.04004426  0.03116731  0.01262834 -0.75066613  0.03170082],5582.243434407252,51.0,0.1926284595210174,0.1959258197443967,0.0084885839477937
5211470,4.809,[ 0.00974237 -2.20913765  0.03897502  0.00650292  0.1955943   0.0369992 ],2743.4279025419137,11.0,0.2408837600759854,0.2286722322166601,0.0260066528333103
5216727,1.513,[ 0.04723791  0.41842424  0.02462253  0.03453306 -0.33812002  0.02452652],71687.03080621776,31.0,0.152178668381738,0.1515853099066312,0.0019538941206951
5288543,3.457,[ 0.33023053  0.29458968  0.04718417  0.19294627 -1.43951147  0.04966986],1590366.9485499016,101.0,0.2916201057511657,0.3069827890784018,0.0257901160741253
5300878,1.279,[ 0.4660568  -0.29090932  0.02218765  0.40237179  0.3478304   0.022164  ],1333638.4648907827,21.0,0.1371299779609482,0.1369838092866904,0.0010752628715281
5343976,4.331,[ 0.21937762  1.19398907  0.03593039  0.00995582 -0.97097226  0.03389503],259676.45022759607,21.0,0.2220664877802556,0.2094870541269602,0.0291498388496753
5347784,9.584,[ 0.1246654  -0.83638411  0.06129217  0.11364858  3.88823466  0.06144033],36183.51076727259,11.0,0.3788140956547753,0.3797297678186808,0.011109413379047
5359678,6.231,[ 0.1565153   1.61065323  0.04600606  0.11834509 -1.50482003  0.04604557],58136.3234754188,11.0,0.2843388493986447,0.2845830420500652,0.0004292729280544
5384802,6.083,[ 0.02172185  2.47048818  0.03040531  0.02048867 -0.57062849  0.02989313],3868.542968341587,11.0,0.1879189537432548,0.1847534168527158,0.0084947317829074
5393558,10.217,[ 0.18925007 -4.48273062  0.03867204  0.1120466   0.47525739  0.05311184],36788.437428230245,11.0,0.2390112050252408,0.3282558439488072,0.1590165569211811
5462901,5.271,[ 0.10211088 -1.96227911  0.02441175  0.03014228  0.6736117   0.02392628],114176.6727139597,11.0,0.1508759606847403,0.147875557426883,0.0100438150540093
5530881,5.083,[ 0.29376588  1.44746737  0.04698847  0.05335016 -1.09583712  0.04943893],844496.5715180062,111.0,0.2904105908428094,0.30555555321861,0.0254185718071172
5534814,9.719,[ 0.00548542 -2.23536402  0.01918806  0.00532045  2.62402076  0.01888543],1756.5428882892868,11.0,0.1185911279808653,0.1167207238377221,0.0079486403299859
5597970,6.717,[ 0.18283962  3.23545245  0.03616616  0.0110631  -0.1215607   0.03985403],102762.28278777658,91.0,0.2235236588217395,0.2463164292682851,0.048513007884487
5648449,4.349,"[ 5.19656813e-04 -1.32873434e+00  2.12771357e-02  6.87588419e-05
  6.60093866e-01  1.74422387e-02]",1484.17204400723,11.0,0.1315025842796964,0.1078011389122657,0.1196114442508391
5649206,4.893,[ 0.15883991 -2.1508492   0.04117522  0.15519396  0.29548311  0.0416988 ],43477.50275416559,101.0,0.2544819808387331,0.2577179762582535,0.0063180655333718
5652260,8.929,[ 0.05473214  2.29963431  0.03828467  0.03253875 -2.15675209  0.03781612],35828.05120157036,71.0,0.2366170457175958,0.233721196349486,0.0063202350185291
5730394,5.519,[ 0.2284085   0.69978253  0.06385512  0.17886691 -2.06083262  0.06714438],61549.86745768822,111.0,0.3946543353449994,0.4149834476466172,0.0251109036731494
5736461,7.346,[ 0.12548106 -3.48876697  0.05856759  0.09585356 -0.32796076  0.06170845],54239.1931209591,81.0,0.3619749065180517,0.3813869119464784,0.112592646895613
5768927,4.391,"[ 4.91163749e-02 -1.16079291e+00  2.76771610e-02  8.60940703e-04
  1.04588631e+00  1.62506983e-02]",3842.110122759242,11.0,0.1710577143778331,0.1004368655286209,0.2601495569346874
5771589,10.739,"[ 4.06745850e-03 -2.19899548e+00  2.72955809e-02  1.60757912e-03
  3.24137543e+00  2.68945223e-02]",1739.846779046453,11.0,0.1686993716554292,0.1662206431849471,0.0127371301743891
5781192,9.46,[ 0.24568551 -1.11554469  0.04664657  0.13922449  3.80320125  0.04247545],74232.53767669668,11.0,0.2882974478386382,0.2625180225584511,0.0563265773643287
5785586,0.46,[ 0.03408906 -0.17119642  0.017096    0.00487588  0.05699199  0.01275349],46095.90741935373,11.0,0.1056612474761429,0.0788225181201576,0.1456116356613744
5795648,4.553,"[ 2.47151397e-02  1.23481268e+00  3.06716104e-02  2.01751461e-04
 -1.05451419e+00  1.72174555e-02]",4370.037180257842,11.0,0.1895648029687668,0.1064118745956008,0.2809790419649393
5802285,2.417,[ 0.0039912   0.47310216  0.01589201  0.00186472 -0.73494625  0.01397724],5650.838345692335,21.0,0.098219981028427,0.0863858518398132,0.0641055216110737
5802470,3.792,[ 0.23668193 -1.17027083  0.03146366  0.06806454  0.72547662  0.03093245],127874.62706483422,51.0,0.1944600508666791,0.1911769170325905,0.0085141777794098
5871918,12.643,[ 0.23660595 -4.39496976  0.04803308  0.09492134  0.64066776  0.02784424],5318.043911052765,11.0,0.2968667785730901,0.1720903676295158,0.3103500805210563
5876360,1.051,[ 0.00190441 -0.23687174  0.01092612  0.00093924  0.28884368  0.01100614],24063.30451912417,11.0,0.0675285227427711,0.0680230560211182,0.0036624813853317
5887316,0.603,[ 0.00093319  0.15412445  0.00945115  0.00038874 -0.14840949  0.00902644],1798.1206076918986,11.0,0.0584124762543635,0.055787614297069,0.0231420316442843
5955321,11.638,[ 0.44773028 -0.39738872  0.03499702  0.4379841   5.37289636  0.10025165],28070.84430460721,31.0,0.2162978420824091,0.6196017875833331,0.482523714008878
6029130,12.592,[ 0.30769871  3.2299832   0.04783773  0.25574303 -2.97704761  0.04897359],32047.187857049143,11.0,0.2956593912271579,0.3026795218018288,0.0161503318845869
6058875,1.13,[ 0.25680268 -0.27065237  0.02188852  0.21903217  0.29451141  0.02144935],502429.4958204898,21.0,0.1352811984947498,0.1325669351627432,0.0101361477772686
6060580,2.313,[ 0.01277901  1.09560766  0.02345405  0.00524183 -0.06128456  0.02300694],1582.4361903704998,21.0,0.1449569124208616,0.1421935924736044,0.0096269316610596
6103049,0.643,[ 0.03671323 -0.26095     0.01854526  0.02449192  0.06180192  0.01570409],78602.46859575721,21.0,0.1146183466029661,0.0970585721388408,0.0830119034122909
6128027,5.456,[ 0.10514919 -0.06166035  0.02636466  0.00400428  2.64897822  0.01796206],2636.357551856484,11.0,0.1629458431749944,0.1110138906303239,0.1896264190737333
6128141,1.873,"[ 1.36297754e-03 -6.62190206e-01  1.35053195e-02  5.88258765e-04
  2.76380761e-01  1.17019939e-02]",1296.9216911382775,11.0,0.0834691495278974,0.0723237589082239,0.071560861353786
6185717,11.702,"[ 2.97090848e-02 -3.78355437e+00  2.60956116e-02  6.92204991e-04
  2.47743726e+00  1.58353787e-02]",2383.435304681417,11.0,0.161283003836381,0.0978699975277281,0.2508059205524738
6191574,1.035,[ 0.06326369  0.36161416  0.01493934  0.01134981 -0.15811922  0.01116131],227944.79139450483,11.0,0.0923320748542412,0.0689821066257461,0.1447880718926156
6227560,4.804,[ 0.03828319  2.29176295  0.02023355  0.01352617 -0.11184112  0.01745771],4737.221659648387,11.0,0.125052758440268,0.1078967628959993,0.0736487051298355
6231401,6.092,[ 0.03694296 -0.01646043  0.03333657  0.01931483 -2.97364769  0.0326867 ],3387.069751239408,11.0,0.2060354940502141,0.2020190159781361,0.024925769918645
6268722,2.638,[ 0.05014025 -0.72674657  0.02302152  0.00249984  0.5929789   0.02099057],7609.754311657428,21.0,0.1422837031982295,0.1297314541901206,0.0461474247033805
6286161,14.542,[ 0.1588314  -1.56582339  0.05274898  0.06383487  5.1195186   0.08667394],11029.077367076923,41.0,0.3260132004861313,0.5356852076214889,0.2514133074008824
6312521,3.016,[ 0.09284859  0.67871403  0.02814624  0.04708965 -0.82920956  0.02791682],6263.328132084114,51.0,0.1739568564366571,0.1725389012689882,0.0040924663393926
6359798,14.154,[ 0.06176761  6.0045218   0.04049287  0.02435863 -4.67190869  0.03772266],3014.3741356450946,11.0,0.2502647582258319,0.2331435486155673,0.4010281430002209
6387450,3.661,[ 0.01816885  0.09813632  0.0265299   0.00271426 -1.73373477  0.02683988],4080.4545060730456,31.0,0.1639671012806505,0.1658829300844617,0.0058378974719613
6421483,2.158,[ 0.07856594  0.57936173  0.04778923  0.00703051 -0.5018479   0.03293178],334764.6794776964,21.0,0.2953596705405838,0.2035337181961625,0.1840662959814219
6443392,0.777,[ 0.02239141  0.08059793  0.01824407  0.01142412 -0.30852907  0.0161686 ],23768.737657924477,31.0,0.112756826559232,0.0999294786516737,0.0603244319813532
6452742,1.376,[ 0.04820099 -0.33939728  0.02271653  0.03053016  0.34916535  0.02251029],23825.65287915003,21.0,0.1403987288939163,0.1391240414708219,0.004605236227796
6466939,2.286,[ 0.44209869  0.38794805  0.02882974  0.35405725 -0.75528293  0.02849984],251950.0144777069,41.0,0.1781812162004205,0.1761422797480982,0.0057566372036813
6468938,7.217,[ 0.08121781  0.47986166  0.04046373  0.06602871 -3.28791824  0.03978873],10947.948681722046,11.0,0.250084629426144,0.2459128144646509,0.0356733621385099
6516874,0.916,[ 0.07202338  0.28594078  0.02238567  0.05358793 -0.17192352  0.01910726],707761.6662359599,21.0,0.1383538668267623,0.1180917234652165,0.0790118138333467
6521542,4.426,[ 0.40500797  1.16900718  0.03971612  0.36684846 -1.04386212  0.03994731],191263.54748331624,11.0,0.2454640608916656,0.2468929193739125,0.0029024489519097
6525196,3.421,[ 0.17110249  0.81361134  0.03495659  0.15631699 -0.89697512  0.03503354],1787997.5564623235,61.0,0.2160479622295954,0.2165235399746345,0.0011001364629019
6548447,10.768,[ 0.08620534  1.67530918  0.11385782  0.07088672 -4.42820565  0.11312234],760376.066217298,11.0,0.7036942458034008,0.6991486121073134,0.1050101883102971
6591789,5.088,[ 0.38984857 -2.24377972  0.04019937  0.11364297  0.25728358  0.04175745],98118.9884791059,71.0,0.2484507699301339,0.2580804544414671,0.0231761120839583
6606282,2.107,[ 0.00407594  0.92597647  0.01599823  0.00253225 -0.12749187  0.01614771],2444.058200933864,31.0,0.0988765199903027,0.0998003590642837,0.0046500175481606
6620003,3.429,[ 0.02937853 -1.62698502  0.0189877   0.02728056  0.08787706  0.01913123],4514.577417851946,11.0,0.1173528051306282,0.1182398660414417,0.0037688829585993
6629332,4.311,[ 0.02131437  2.06276941  0.02033776  0.02145434 -0.09277986  0.02042688],2394.875817225616,11.0,0.1256968198911963,0.1262476078307685,0.0021862222436063
6694186,5.554,"[ 1.60327808e-01 -2.03857102e+00  4.79729569e-02  1.29752068e-03
  8.18875220e-01  1.44921704e-02]",394373.1414107036,11.0,0.296495162533515,0.0895683462848191,0.5364743241356799
6695889,1.107,[ 0.24646927 -0.25110591  0.0229722   0.06105073  0.30230181  0.01968257],364182.2055435208,21.0,0.1419788416398513,0.1216474033073135,0.0771223200483477
6697716,1.443,[ 0.20092887 -0.37161588  0.02214377  0.10796318  0.350741    0.02187166],214823.43380766385,31.0,0.1368587613021908,0.1351770164261946,0.0062520469278921
6706287,2.535,[ 0.40358025 -0.65658644  0.03056057  0.27788208  0.61024782  0.03027859],1477939.5463264645,21.0,0.188878525232804,0.1871357249949383,0.0046532527702034
6707942,9.014,"[ 3.55297287e-02 -2.47503658e+00  2.67124366e-02  4.49323705e-04
  1.56310153e+00  1.60485032e-02]",11479.19035810298,11.0,0.1650952693423457,0.0991872063418162,0.2624280872883879
6766748,7.003,[ 0.36736953 -2.50259958  0.05188527  0.17318063  0.98007268  0.05397684],398307.506028476,111.0,0.3206750935192,0.3336019798160953,0.0202038122116237
6778050,0.946,[ 0.28656101  0.10556802  0.02277752  0.24245372 -0.36641791  0.02258227],1746357.4043602855,31.0,0.1407756694998074,0.1395689383196847,0.004622076178066
6781535,9.122,[ 0.06104381 -1.79859336  0.04215907  0.03353497  4.20556307  0.04118254],8260.124522185071,11.0,0.260562663360111,0.2545272136701122,0.24878570878096
6859813,10.882,[0.21171149 1.25519997 0.04896914 0.00708352 5.07113146 0.03789763],104133.65037187102,41.0,0.3026520265924382,0.2342249640814024,0.2669648014482783
6863840,3.853,[ 0.42272136  0.23304277  0.03352182  0.36897648 -1.69220864  0.03365762],87162.64603565744,51.0,0.2071804001854149,0.2080197457867241,0.0020846465701691
6891512,3.505,[ 0.36869877 -0.08374462  0.05175366  0.37124073  1.66862048  0.05207102],7630016.2619267795,81.0,0.3198616666847693,0.3218230681274807,0.0030572411845528
6927629,7.735,[ 0.35514968  3.83038549  0.04747234  0.26695078 -0.03580982  0.04821574],1524932.1804542504,41.0,0.2934011013816295,0.2979956971813583,0.0077735741612477
6934587,1.571,[ 0.06305091 -0.63306421  0.02688459  0.00518897  0.15383271  0.01912926],29422.386725262528,21.0,0.1661592439761194,0.1182276914859454,0.1685492276439745
6939670,4.239,[ 0.0685327  -0.54981986  0.04572401  0.02740445  1.5667378   0.04177078],20000.84788002516,51.0,0.282595650684952,0.2581628092348,0.045195694525834
6949550,7.841,[ 0.35393938 -2.76489498  0.04728325  0.3531289  -0.15037962  0.04645738],29785.959981391607,11.0,0.2922324654825008,0.2871281867530291,0.2617776651144196
6962018,1.27,[ 0.55203684  0.56114797  0.02002446  0.26085212 -0.07368788  0.01985093],869876.7204701268,21.0,0.1237604762953772,0.1226879819566194,0.0043565332027942
6965293,5.078,[ 0.0191601  -1.13888917  0.02906959  0.01674762  1.4334232   0.02834416],2976.245707109291,11.0,0.1796635606793866,0.1751800668586112,0.0163043543965494
7009828,10.642,[ 0.10364297  3.6119939   0.07075205  0.0769867  -1.70884317  0.07023784],5400.35185136688,111.0,0.4372805481921382,0.4341024745214699,0.0036472397135497
7025540,2.148,[ 0.44806385 -0.48558331  0.0250132   0.35221606  0.58878712  0.0253568 ],494762.33383392286,31.0,0.1545931896481633,0.1567167754671328,0.0068268280380153
7125636,6.491,[ 0.19664855  0.55464053  0.03097397  0.17305449 -2.7564787   0.03058517],10771.358544280636,11.0,0.1914335100906572,0.1890305534278225,0.017089517223459
7128918,7.119,[ 0.10929391 -1.47412338  0.03719684  0.06030864  2.10554804  0.03724231],2758.434049686421,21.0,0.2298937359893735,0.2301747747091977,0.0044925176477778
7129465,5.492,[ 0.29698049  1.65932703  0.03604589  0.25425007 -1.0865961   0.03586956],27322.54191910674,11.0,0.2227803336318667,0.2216905764817686,0.0024519061663356
7174617,1.608,[ 0.09019011  0.06622043  0.02190925  0.00580875 -0.73729823  0.01651552],96437.74302061212,21.0,0.1354093150978368,0.1020735592884489,0.1403719864752455
7200102,14.666,[ 0.35686103 -6.6041096   0.03178133  0.11335597 -1.61383018  0.06948104],10704.969400369551,11.0,0.1964233650103413,0.4294251390920069,0.4489591224646848
7212066,3.84,[ 0.04109553  0.98496118  0.02651443  0.00880757 -0.92870552  0.02508359],9479.995299654587,41.0,0.1638714848243071,0.1550282442233056,0.0278512286519523
7212722,2.316,[ 0.25977474  0.8010581   0.03600554  0.09067517 -0.35685507  0.03510775],398772.9166723872,111.0,0.2225309496030949,0.2169822098411387,0.0126248782582326
7255336,2.406,[ 0.0029569  -1.04813917  0.01793985  0.00264781  0.15529914  0.01736844],2424.9672352072016,11.0,0.1108766365799108,0.107345008816873,0.0161862028034934
7257373,10.467,[ 0.45235151  2.11961491  0.07028572  0.44311252 -3.11391475  0.07204149],86687.8104799901,11.0,0.4343983883953435,0.4452498593858625,0.0123361488234599
7284688,0.646,[ 0.04661764  0.14268485  0.01697678  0.03658571 -0.18098474  0.01564501],3012889.7278130148,21.0,0.1049243816520182,0.0966934134316251,0.040857066350768
7287391,4.286,[ 0.17460351  0.80662263  0.02428745  0.02557351 -1.3349866   0.02321041],87822.03262106527,11.0,0.1501077018182588,0.1434511139559875,0.0226812107839827
7336754,12.155,[ 0.0900908   2.2543936   0.06233554  0.03353044 -3.72690845  0.06275611],11331.798080324,71.0,0.3852625847685447,0.3878619338049418,0.0128783257971781
7362852,7.037,[ 0.32997812 -3.22878452  0.05883959  0.31590651  0.28264694  0.05969169],56905.88517635093,11.0,0.363656032060633,0.3689223773249143,0.0073599001716701
7369523,5.319,[ 0.31488126  1.8080643   0.06000793  0.31105712 -0.85118208  0.05980963],100187.51853419351,11.0,0.3708769090162582,0.3696513191130746,0.0016567151483391
7374746,2.734,[ 0.17279981  1.27136341  0.02975008  0.1281931  -0.09545007  0.02961005],246158.86097232503,41.0,0.1838692860297719,0.1830038701948537,0.0023613295182951
7376500,5.877,[0.1888163  0.52444352 0.04020348 0.06533539 2.05178554 0.03043602],129868.79578382969,61.0,0.248476158815754,0.1881087150402809,0.4017189307994149
7377033,3.914,[ 0.02634815  0.04540785  0.02017917  0.02119864 -1.91297151  0.02051555],3078.018989445024,21.0,0.1247166372687889,0.1267956327613553,0.008284496179406
7597703,9.218,[ 0.41394638 -2.12705733  0.07448592  0.36641419  2.48170927  0.0731251 ],45793.9053236357,111.0,0.460357603739971,0.451947068969166,0.0092190835887623
7605600,3.326,[ 0.19185854  0.15515254  0.02113585  0.05113692 -1.50749746  0.02231046],437014.7691959081,21.0,0.1306293808706466,0.1378889801327925,0.027036270140282
7670485,8.468,[ 0.0809131  -0.56866606  0.03661484  0.07163084  3.61329203  0.03796331],3910.986866518936,11.0,0.2262967358651697,0.2346308809862884,0.0204969434786393
7671594,1.41,[ 0.71751021 -0.52106723  0.00471614  0.37066398  0.19284468  0.00481689],19171.674810058765,11.0,0.0291479210959417,0.0297706067885042,0.01450050312707
7691527,4.8,[ 0.27217622 -0.52856961  0.03135148  0.23469248  1.66535257  0.03580065],32327.979696314367,11.0,0.1937667424102221,0.2212646487291549,0.0945395062073258
7695093,4.033,"[ 1.13145067e-01  1.78677180e+00  3.93448915e-02  1.48411709e-03
 -2.25448036e-01  2.64207222e-02]",88950.0562850335,11.0,0.2431697093130633,0.1632923383237433,0.1965257160626209
7732791,2.064,[ 0.13344576 -0.77038617  0.01930901  0.1158393   0.26233614  0.01937564],72352.91599453271,21.0,0.1193386513859895,0.119750486834,0.0018081060646621
7750740,5.874,[ 0.21122795  2.80690842  0.0381531   0.01740314 -0.13018051  0.03869001],23010.68078062628,71.0,0.2358038691277064,0.2391222098290344,0.0069871082454106
7798259,1.734,[ 0.28531589 -0.41146319  0.02124998  0.103599    0.45496079  0.02030118],25753.93939992001,21.0,0.131334770288229,0.1254707425998013,0.0228404697115646
7816680,8.585,[ 0.13599979 -3.65446848  0.0446824   0.09951088  0.63909621  0.04469083],68789.38574821841,21.0,0.2761579851252849,0.2762100909796445,0.0002164431555195
7830321,2.027,[ 0.00355774  0.17301191  0.01324998  0.00145673 -0.83954516  0.01031538],1360.1657699276475,11.0,0.0818910459074009,0.0637538434519335,0.124532448528105
7831363,2.817,[ 0.0038277   0.87840278  0.02084575  0.00168903 -0.52841923  0.01726303],30677.81977473815,21.0,0.1288364090734359,0.106693562213074,0.0940175187915913
7838639,4.226,[ 0.06137642  0.8204221   0.03210478  0.05594025 -1.29229793  0.03192315],22061.109400068155,31.0,0.1984224390743709,0.1972998764255744,0.0028386515533733
7877824,9.449,[ 0.27099509  0.98902949  0.0530022   0.21143119 -2.58571147  0.05542778],43801.53225051604,111.0,0.3275782389313748,0.3425694170109707,0.1924398900305211
7885570,1.729,[ 0.12769725 -0.10645798  0.04542805  0.00361789  0.76429499  0.03856612],3010096.132075198,11.0,0.2807664512789345,0.2383565489732604,0.0818925617292938
7886329,0.567,[ 0.00771084  0.10701139  0.01370555  0.00271996 -0.17556484  0.01280506],6560.972716760331,21.0,0.0847066852907269,0.0791412468011861,0.0340633662822151
7919653,4.21,[ 0.11175714  1.16553996  0.04671973  0.08574282 -0.93938948  0.04704873],57019.25424667385,11.0,0.2887496190216168,0.2907829824257202,0.0035087252191347
7941635,0.763,[ 0.01011457  0.13238457  0.01817953  0.00094093 -0.25089785  0.01662426],3871.9717299685353,21.0,0.1123579547064081,0.1027456240624634,0.0448373938076531
7943535,4.719,[ 0.01100713 -1.18228656  0.02875265  0.0071275   1.62695926  0.02811296],2077.2710325396124,31.0,0.1777047272551652,0.1737511258222155,0.1501273017139541
7947631,2.517,[ 0.01537186 -0.07166915  0.01845268  0.01332528  1.18703211  0.01862881],2389.022733074795,21.0,0.1140461512469579,0.1151347026779494,0.0047514089749637
7950775,8.967,[0.06156702 0.10201496 0.03714412 0.02635775 3.40283165 0.04056303],5649.016565612798,61.0,0.2295679500745087,0.2506983671571623,0.2117970697463412
7960547,6.767,[ 0.25225516 -3.01313201  0.03980976  0.2418687   0.30067513  0.03709288],87282.73511699299,11.0,0.2460428061878676,0.2292512471989716,0.0388565939428529
7967100,1.927,[ 0.00774788  0.85673801  0.02011867  0.00200262 -0.1053127   0.01725371],2150.456022533779,21.0,0.1243427088606421,0.1066359370378634,0.0766688810330004
7970760,7.649,[ 0.25522534 -3.73243362  0.06535122  0.09284974  0.09319245  0.06551149],490227.68113704736,71.0,0.4039009019418955,0.4048914278167606,0.0012463386987499
8008128,14.854,"[8.60708516e-02 5.04730253e+00 5.18746021e-02 1.65916879e-04
 1.39280333e+00 3.51379329e-02]",11420.649092393634,11.0,0.3206091423859138,0.2171687506209823,0.4428876712929375
8016214,3.175,[ 0.25020333 -0.96309367  0.06757265  0.20013041  0.62096374  0.0614428 ],2430570.5995305814,61.0,0.4176303684063559,0.3797450491623531,0.0475430420091014
8081482,2.819,[ 0.07374932 -0.46008634  0.04406247  0.00236643  0.94952091  0.03376196],87373.91454499705,41.0,0.2723265147509234,0.2086645981966881,0.1323557157901116
8088354,2.898,[ 0.16880879  1.09133173  0.02871293  0.02130563 -0.35711777  0.02735676],113932.91500086604,41.0,0.1774592189292159,0.1690774901855508,0.0241889713285241
8094140,0.706,[ 0.34265672 -0.06056643  0.01645318  0.0977294   0.29101777  0.01540693],2777929.728981145,21.0,0.1016882663727038,0.0952219912198991,0.0329894296942448
8095099,4.206,[ 0.26923691  1.35722685  0.0599152   0.25309391 -0.74565535  0.05847019],435915.2557494865,81.0,0.370303792764437,0.3613729189497152,0.0122061173679061
8097825,2.937,[ 0.18512134  1.34760143  0.05651592  0.11085792 -0.12246626  0.05119716],330965.8286820579,41.0,0.349294620614677,0.316422227433902,0.0493860591502278
8098300,4.306,[ 0.36825561 -1.10660163  0.04848897  0.2605356   1.06052362  0.04876312],264512.1876081096,101.0,0.2996843867254757,0.3013787231704832,0.0058734468878734
8111622,15.446,[ 0.34467071 -1.42369815  0.04123956  0.03080437  1.40846281  0.04765353],28582.20638098893,41.0,0.254879626713711,0.2945209265063391,0.5025850880909581
8127648,2.047,[ 0.12746862  0.64613669  0.02178823  0.09884697 -0.3764248   0.02170914],43512.29749838396,31.0,0.134661370436214,0.1341725577221784,0.001955701689388
8128965,7.14,[ 0.2225819  -0.64290374  0.06707408  0.10152605  2.92401349  0.07046388],736753.6625332317,81.0,0.4145489784355481,0.4354995409762594,0.0246556433454997
8145789,1.671,[ 0.01948414  0.44095461  0.02218558  0.01525832 -0.39462103  0.02245543],2937.71081942708,51.0,0.1371171872476617,0.1387850032042834,0.0060453718965065
8195877,1.51,[ 0.07287337  0.09655258  0.02320097  0.04566509 -0.65715991  0.022483  ],25543.97046872049,21.0,0.1433927896408927,0.1389553595380626,0.0157731324482327
8211824,0.841,[ 0.06031853  0.25276648  0.01560131  0.05689167 -0.16931104  0.01507631],134390.4324967623,21.0,0.096423333091244,0.0931785781502999,0.0173653088797552
8229048,5.479,[ 0.03356391  0.41836434  0.03270541  0.01528862 -2.32029999  0.03223752],14522.638472153363,71.0,0.2021346515698987,0.1992428465727886,0.0072086837068474
8230809,4.078,[ 0.03864178  0.64785862  0.07305997  0.00214176 -1.38300709  0.08563282],26873.85093792509,91.0,0.4515445557326791,0.5292506256343876,0.0792895530134297
8231877,2.616,[ 0.01882256  0.26110503  0.01978078  0.01113407 -1.04714267  0.02005738],2496.330472104942,41.0,0.1222544031606948,0.1239639056661677,0.0069446285104012
8244173,2.184,[ 0.4100747  -0.76617908  0.02492478  0.39965061  0.325947    0.02529372],155384.0041029827,41.0,0.1540467437439245,0.1563269479576316,0.0073472010160508
8263746,10.994,[ 0.12868875 -2.89194615  0.04342897  0.06831356  2.54955761  0.03470411],4201.256844763784,11.0,0.2684111857113143,0.2144875433693904,0.1119477265485532
8279765,2.758,[ 0.04006801  0.96131394  0.02690376  0.00131301 -0.41411564  0.01539535],3255.77814605104,11.0,0.1662777223701286,0.0951504382509409,0.272079605368677
8285254,7.536,"[ 1.79008202e-01 -1.26755983e+00  7.47055881e-02  1.10575427e-03
  2.52581942e+00  3.62091303e-02]",23844.30639890874,11.0,0.4617152437311334,0.2237892486048842,0.3471219101809427
8288719,1.51,[ 0.02888772 -0.42428092  0.01957266  0.0216815   0.32968909  0.01949873],5438.949804937296,21.0,0.1209681334227221,0.1205111983563822,0.0021745249248744
8294484,1.013,[ 0.10160803  0.11901371  0.03170283  0.00475134 -0.38960789  0.02662575],1200122.8670176978,21.0,0.1959382411392724,0.164559490539919,0.0871050002816156
8296467,10.303,[ 0.52064911 -4.64656715  0.04960987  0.32608095  1.7976378   0.03530499],24689.94121758093,11.0,0.3066120692702512,0.2182012569385607,0.2592722835223768
8299947,5.366,[ 0.26583999  0.04109826  0.03656645  0.24475068 -2.64210884  0.0364705 ],46799.14829804764,11.0,0.2259976542777351,0.225404624819629,0.0013151474057418
8301013,4.428,[ 0.40236257 -0.65511955  0.04730701  0.34974048  1.56234992  0.04853083],125184.32462611352,101.0,0.2923793021527352,0.2999430879511457,0.012828885793382
8302455,4.884,[ 0.09996544 -0.6162191   0.03608339  0.10128328  1.82548312  0.03586789],120638.46254446004,71.0,0.2230121372516813,0.2216802038409904,0.0029967102839427
8312222,12.823,[ 0.12295671  4.66515335  0.04756853  0.08632028 -1.29817496  0.06092712],4577.026577700544,11.0,0.2939956227102644,0.3765578970852909,0.1348107724185522
8316503,5.065,[ 0.16175888 -1.59419533  0.04409881  0.02666266  1.29043431  0.04263015],56948.4729594916,51.0,0.2725511215037381,0.2634741367566122,0.1105102477346721
8345358,9.381,[ 0.06422107  1.04539881  0.03912811  0.0170846  -3.64502844  0.03830967],2818.023278565661,81.0,0.241829927242918,0.2367715386958799,0.0105691107678754
8364119,7.736,[ 0.32064805  1.97666272  0.04357972  0.27501883 -1.80163136  0.04538482],181598.37264752647,21.0,0.2693429478985938,0.2804992664718542,0.0272665490078577
8381592,5.784,[ 0.07401913 -1.85624558  0.02952722  0.04140069  1.02006659  0.02915579],31177.103548447907,11.0,0.1824919471687476,0.1801963108915316,0.0076298066982565
8409588,2.722,"[ 1.66281303e-03  1.77554208e-01  1.42471996e-02  8.66628804e-04
 -1.18167410e+00  1.37919911e-02]",2644.446412472634,11.0,0.0880543128969019,0.085240913038286,0.016266883732059
8411947,1.798,[ 0.48802416 -0.27970401  0.02852831  0.30122468  0.61777872  0.02840061],429983.61238306673,31.0,0.1763182322920983,0.1755289782106535,0.0026055481533164
8435247,0.696,[ 0.00900825  0.30500721  0.01237465  0.00546505 -0.04377465  0.0106436 ],18071.81052226253,11.0,0.0764810754381373,0.0657824087388041,0.0752238812663673
8444552,1.178,[ 0.06246572  0.08676115  0.0208724   0.06031679 -0.50284368  0.02037978],28272.594453683243,31.0,0.1290011513613493,0.1259564888941572,0.0119690400996329
8460600,6.352,"[ 7.85625070e-02  2.69592306e+00  4.21823719e-02  8.89845855e-04
 -4.40874080e-01  1.01255089e-02]",14894.826455369976,11.0,0.260706656755068,0.0625803494112404,0.6129262574424712
8479107,0.768,[ 0.13799125  0.29695842  0.01690545  0.07513621 -0.08523771  0.01564478],855513.0054883971,21.0,0.1044835154408853,0.0966919824420321,0.0389053646553176
8479386,11.721,[ 0.36820652 -2.52966518  0.09131941  0.32703023  3.33082912  0.0895367 ],243527.5567236028,111.0,0.564396397998622,0.5533783976188236,0.0098570843215368
8543278,7.549,[ 0.04205691  3.49903337  0.02310649  0.01763775 -0.2125281   0.02228912],2612.086221442841,11.0,0.1428088330879466,0.137757120046346,0.0222644936151473
8552540,1.062,[ 0.36802171 -0.49562443  0.02741348  0.09432328  0.03624051  0.01455483],136793861.05131525,11.0,0.1694280667383804,0.0899555896407409,0.3063923571296198
8580438,6.496,"[ 1.22123756e-01 -2.53873107e+00  5.48579421e-02  4.89952165e-04
  7.23065573e-01  4.14867045e-02]",93010.26211465358,11.0,0.3390475699988231,0.2564071093127891,0.1388255672978219
8581658,3.482,[ 0.36872379 -0.28211039  0.04277309  0.09654713  1.4589383   0.04565954],223911.86651507777,81.0,0.2643575408672238,0.2821971535354493,0.0326401307856627
8590527,0.74,[ 0.02117291  0.33089615  0.01738129  0.00364776 -0.03954558  0.01140884],30365.518321175743,11.0,0.1074244694497134,0.0705119314604927,0.2074500487704539
8604993,6.57,[ 0.06099794  2.50751505  0.04145776  0.02378938 -0.73058431  0.03958427],14280.438390902951,61.0,0.2562281895601259,0.2446492091139585,0.0256934220350541
8608490,1.083,[ 0.4336378  -0.12377649  0.02273175  0.23747645  0.41737438  0.02179007],1263742.3821025714,41.0,0.1404927996844646,0.1346727312068988,0.0211572147052952
8618226,5.882,[ 0.25092438  0.25639014  0.04599046  0.04829362 -2.68325356  0.04689474],159288.2859814581,61.0,0.2842424229406498,0.28983125182768,0.0097421216448996
8620561,0.782,[ 0.25986296  0.05339849  0.01755451  0.12675482 -0.33841645  0.01635168],64052.38904189693,21.0,0.1084950514099111,0.101060952026322,0.0355132255383909
8621026,4.059,[ 0.26955439  0.47186109  0.05035165  0.04682421 -1.56040286  0.05176451],397792.4072925721,101.0,0.3111965916325931,0.3199287493566789,0.0138771372635593
8719897,3.151,[ 0.19004352 -1.45577726  0.05806702  0.16163529  0.12113683  0.05344601],1053234.8109707106,81.0,0.3588811820232536,0.3303211886398046,0.0414451933158597
8736245,5.069,[ 0.37543881 -0.56742789  0.04669127  0.16897422  1.96672661  0.04881963],576979.2053703226,81.0,0.2885737480794754,0.3017279943937543,0.0222841933054402
8746310,6.856,[ 0.07185689 -2.34654345  0.02814228  0.00869668  1.08114438  0.02636633],5760.227138379179,11.0,0.1739323628431179,0.1629561580462883,0.0325811969358551
8784288,3.655,[ 0.47241512  0.75429009  0.03902041  0.30630661 -1.07301909  0.04024464],276222.1756079558,71.0,0.2411642432408653,0.2487305985573318,0.0154450737883593
8848271,9.992,"[ 4.05682451e-03 -4.05593802e+00  3.34701839e-02  7.29452872e-04
 -8.41806760e-01  2.71713721e-02]",1621.5362068340728,21.0,0.2068612869858221,0.1679317038586378,0.2987570157848931
8879915,3.443,[ 0.53790009  1.01789006  0.03326405  0.27560165 -0.70331405  0.0341302 ],101627.87722571786,61.0,0.205587276432698,0.2109404819295171,0.0128526867340101
8906676,8.21,[ 0.14594193 -2.89481302  0.03753627  0.01568307  1.2120135   0.03763526],45290.81002925328,51.0,0.2319915717628866,0.2326033989555433,0.0013624837034158
8938628,6.862,[ 0.08965916  2.09591032  0.03022699  0.05903692 -1.34668508  0.03012868],19358.993896671,11.0,0.186816844209579,0.186209234114361,0.0031142705815812
8939650,3.655,[ 0.04899745 -0.51745185  0.03610912  0.0469924   1.31020373  0.03641649],12987.76400302041,41.0,0.223171116506162,0.2250708335799407,0.0042386783962011
8940961,3.167,[ 0.25110334 -0.7198563   0.03910611  0.10474404  0.86402042  0.03749128],129619.2451997978,41.0,0.2416939079814355,0.2317135414234172,0.0210828083664159
8949316,0.604,[ 0.01437729 -0.16950569  0.01720909  0.01713074  0.13244863  0.01756691],133751.7652705196,11.0,0.1063601812638009,0.1085716636252484,0.0102899119323987
8953426,5.332,[ 0.17461707  0.41586033  0.06661945  0.15822873 -2.25024588  0.0668961 ],304812.43732350634,111.0,0.4117391698410471,0.413448973697208,0.0020722532484855
8957954,4.36,[ 0.26471076 -1.56330467  0.04261796  0.2545952   0.61678112  0.04266769],216541.18126715213,11.0,0.263398774481467,0.2637061375415663,0.0005839341946179
8984706,10.135,[ 0.2652805   0.81268298  0.0497904   0.26351493 -4.15956463  0.04895272],74149.06070501433,11.0,0.3077277818527522,0.3025505768104253,0.0170267669114638
9005854,3.78,[ 0.16378418  0.16737441  0.035061    0.07190064 -1.72249897  0.03247225],18809.348861351704,41.0,0.2166932862522558,0.2006936172991937,0.0383329804761869
9020426,0.913,[ 0.41925052  0.02698012  0.02582434  0.37287021 -0.42880731  0.02490219],18313913.717662115,71.0,0.1596064219151556,0.1539070912615547,0.0182201912290086
9025914,11.32,[ 0.20906297 -5.26199253  0.04308402  0.03224524  3.0688491   0.05239965],36722.47835788484,51.0,0.2662792726764404,0.3238541624119717,0.3832401715386158
9029486,6.277,[ 0.25249454  0.81890159  0.03579156  0.22630686 -2.31926371  0.03578201],73720.86574194026,11.0,0.2212084609030249,0.221149472382617,0.0001574725102916
9084778,1.184,[ 0.00367667 -0.44348385  0.01305989  0.0035856   0.14715     0.01438652],1371.7314607695148,51.0,0.0807161747098135,0.0889153979627029,0.048369448002092
9098810,8.258,[ 0.31775231  2.70375091  0.03376281  0.23985311 -1.3760129   0.04641229],37396.41915150231,91.0,0.2086698473968775,0.2868495149030834,0.1580509081071066
9110346,1.791,[ 0.32281642  0.30376561  0.02620732  0.26327628 -0.59280757  0.02619478],288692.33833067794,31.0,0.1619734113597131,0.1618958867303057,0.0009711959303638
9137992,1.47,[ 0.07301981  0.24894435  0.03517862  0.00496245 -0.47928111  0.03040529],496257.5281957098,21.0,0.2174202116162086,0.1879188238972948,0.0731411262638415
9143254,2.275,[ 0.01965095 -1.11842575  0.02393902  0.01498089  0.0183007   0.02304141],7612.296876588231,11.0,0.1479542658355113,0.1424066333673787,0.0191134540265775
9210828,1.656,[ 0.13858525 -0.75552029  0.02395548  0.09374792  0.07253956  0.02339287],535451.2466609371,21.0,0.1480560009517844,0.1445787845909419,0.0118825792851296
9266285,5.614,[ 0.05265982  1.05981053  0.045756    0.01867682 -1.75888462  0.04624982],7846.074546373651,81.0,0.2827933613305706,0.2858453466541006,0.0062860607474927
9346655,0.872,[ 0.0674853  -0.27080658  0.01327402  0.03612361  0.16436883  0.01127098],363841.41153649,11.0,0.0820395907451304,0.0696599181129001,0.0816200612198593
9353182,10.476,[ 0.13420562 -4.96206993  0.07974544  0.01122478  0.51409021  0.07794217],289040.37711132795,111.0,0.4928638527900357,0.4817188015509617,0.0374966780364371
9392702,3.909,[ 0.10406608  0.38420938  0.04871878  0.03829425 -1.57097039  0.04998724],51812.95200745923,71.0,0.3011047124662701,0.3089443597744155,0.012853749836758
9411943,3.844,[ 0.01032397 -1.26715211  0.02745116  0.00455656  0.63766122  0.02668111],1583.8552898207315,51.0,0.1696609033030744,0.1649016819061579,0.0158644347513232
9412462,10.187,[ 0.34431734  1.01627315  0.0909352   0.26116281 -4.21427914  0.08451496],104575.35835448829,101.0,0.5620218149434684,0.5223417047010308,0.0422569334745347
9451127,5.117,"[ 6.90598407e-02 -2.04194009e+00  4.17932503e-02  1.73356912e-03
  5.26844820e-01  3.18013625e-02]",5616.644931897374,41.0,0.2583017047094251,0.1965471953465678,0.1358059882787196
9468296,5.749,[ 0.01213169  0.76725419  0.01825313  0.00629297 -2.08753806  0.01622641],1500.0838880414317,11.0,0.1128128005138084,0.1002867824951527,0.0590262429737348
9468384,11.083,[ 0.18101001 -0.250772    0.06122838  0.04585049 -5.38744607  0.06822209],21472.46282236493,81.0,0.3784198131310243,0.4216442248280891,0.0788089060182809
9474485,1.025,[ 0.41660228 -0.24137094  0.02129983  0.36412424  0.27223204  0.02102932],893691.2893852832,31.0,0.1316428583869178,0.1299709867623751,0.0066103668850415
9532421,4.309,[ 0.02159468  0.29669501  0.01980819  0.00288668 -1.86146139  0.01244793],3067.108014342488,11.0,0.122423823938568,0.0769339638775559,0.2281858995755242
9540450,2.155,[ 0.34717215  0.08732755  0.03461743  0.1797609  -0.98989732  0.03470732],566861.099595322,61.0,0.2139517969851072,0.2145073935263075,0.0013121467571821
9569866,1.48,[ 0.41916837  0.24639825  0.02653029  0.10297259 -0.49279375  0.02298018],1882376.6121665533,21.0,0.1639695423704014,0.1420282100067607,0.0717093551472158
9576197,7.964,[ 0.07722124 -3.27856298  0.10113728  0.0053218   0.6836933   0.08803022],101262.46777764244,111.0,0.6250754073045117,0.5440676468182513,0.0693974972062037
9579499,7.947,[ 0.00889347 -2.30151286  0.01507901  0.00534756  1.24818561  0.0183155 ],2064.5082728396974,11.0,0.0931952703965883,0.1131982934718438,0.128101504444523
9592575,5.275,[ 0.14268053  0.75593406  0.0517423   0.14275833 -1.88164127  0.05200732],34981.79115466992,61.0,0.3197914621158695,0.3214294154531671,0.0025545276827563
9593759,2.494,[ 0.23202854 -0.6152324   0.02501632  0.022367    0.63032533  0.02287502],16829.2986127057,41.0,0.1546124788788334,0.1413782603671889,0.0447208231177529
9596187,0.953,[ 0.00232422  0.19077248  0.01536799  0.00080758 -0.28423539  0.0143267 ],1804.8531784590327,31.0,0.0949813195455856,0.0885456517594809,0.0351527467917604
9597095,2.746,[ 0.04698539  0.19380961  0.02776176  0.0086433  -1.17897541  0.0251228 ],1933.7556621319336,41.0,0.1715805537598764,0.1552705690252169,0.0499004994120729
9597411,3.151,[ 0.02596242  1.06763579  0.02411944  0.02655841 -0.50803487  0.0242619 ],3170.588029087925,31.0,0.1490693646225037,0.1499498081583625,0.0029456672672539
9635529,4.704,[ 0.25849503 -0.38239148  0.05254601  0.20637176  1.96978518  0.05283815],445050.02311256295,11.0,0.324758733381955,0.3265643261460165,0.0027728198441546
9637299,1.882,[ 0.34462777 -0.65169097  0.0308341   0.07916975  0.28956166  0.03095818],1557714.0993925892,51.0,0.1905690647183273,0.1913359657787062,0.0020191332375239
9641031,2.178,[ 0.40185709  0.59459785  0.03383453  0.18762204 -0.49444496  0.0342181 ],13497038.440059876,71.0,0.2091130906077698,0.2114837745513486,0.0056365600718978
9656543,2.545,[ 0.41621192 -1.11933858  0.02770512  0.35190846  0.15350163  0.02788511],334597.52887580136,51.0,0.1712304932280695,0.1723429313876675,0.0032446485642745
9664215,3.319,[ 0.04098061  0.41869203  0.03086942  0.00680266 -1.23521007  0.02721062],2887.333340922768,31.0,0.1907873300690588,0.1681742835766706,0.0630514089512788
9714358,6.474,[ 0.21218012  2.88746571  0.03135488  0.01881359 -0.29912423  0.03217883],144942.17494558037,61.0,0.1937877460585912,0.198880128304725,0.0178265414224777
9761199,1.384,[ 0.00481493  0.21580858  0.01018645  0.00379403 -0.47777014  0.00935086],2075.161210466344,11.0,0.0629569743369882,0.0577926380271736,0.0428064851146656
9762519,7.515,[ 0.12139832 -0.94689963  0.0323876   0.02617785  2.99189585  0.0326365 ],19919.63462526039,61.0,0.2001704281441929,0.2017087178631831,0.03808747703503
9775253,8.788,[ 0.22575434  0.21559016  0.02837421  0.13018414 -4.17777258  0.02812641],31485.231594096105,11.0,0.1753658238524496,0.1738343102186288,0.004387255128458
9777090,5.508,[ 0.1425702   2.45976484  0.03238725  0.0419974  -0.3184473   0.03257312],3989.3633169932873,51.0,0.2001682762909986,0.2013170428020941,0.0074742910435352
9784230,0.798,[ 0.21806418 -0.21481704  0.01948722  0.21784477  0.18393503  0.01899805],113013.59281788937,21.0,0.1204400531646849,0.1174167971515332,0.0127197669950951
9821078,8.429,[ 0.46164302  0.78050819  0.03291781  0.15051417 -3.429984    0.03261713],67721.6680238287,11.0,0.2034473431465095,0.2015890124586716,0.0046484530520715
9834719,3.243,[ 0.00803984  1.54961242  0.01661446  0.0073508  -0.07130719  0.01678612],1809.3451060244352,11.0,0.1026850570929842,0.1037460171916895,0.0051472195292732
9873869,4.995,[ 0.27515733  0.65026997  0.04109457  0.02792853 -1.84703567  0.04098769],140734.12447246586,41.0,0.2539835560199672,0.253322991268651,0.0013035354671444
9881258,4.057,[ 0.13108078 -1.89957614  0.04459608  0.12005231  0.1284613   0.04526864],62065.94606566396,11.0,0.2756244683316691,0.279781243290617,0.0074863561170251
9892471,8.268,[ 0.07502435 -1.63603411  0.03178174  0.00925847  2.49582085  0.03113179],23296.59333866951,31.0,0.1964258943019219,0.192408926538377,0.0103388168369859
9934208,9.058,[ 0.14179105 -3.23211272  0.0421583   0.00956854  1.81798922  0.03477905],14212.650799198958,41.0,0.2605578641813766,0.2149507147506675,0.1317778053339802
9940565,4.279,[ 0.00825689 -0.73059595  0.02556636  0.00659729  1.40931461  0.02586319],1590.6712058043604,21.0,0.1580120119497601,0.1598465130829893,0.0057734067354968
9944201,0.722,[ 0.02106115  0.18542911  0.01600286  0.00475701 -0.17502238  0.01548243],21024.603907303484,31.0,0.0989051074025262,0.0956885922749268,0.0165724107608158
9944421,7.095,[ 0.24299168 -3.23542375  0.03263149  0.03202609  0.75037412  0.03717071],17322.893409159162,61.0,0.2016777664577533,0.2297322682951241,0.1168119404286408
9945280,1.303,[ 0.02370765  0.24590543  0.02229941  0.01359295 -0.40281507  0.02030356],29780.90082907605,21.0,0.137820712747314,0.1254854329672911,0.0469673485199734
9963461,10.582,[0.12619161 2.66015851 0.07023779 0.00641188 4.80701114 0.0506262 ],511814.5249270391,51.0,0.4341021749607696,0.3128934593958927,0.494120416230807
9966115,8.947,[ 0.09529822  2.55981394  0.05012177  0.00382624 -1.9118872   0.05211446],44344.67117424071,41.0,0.3097758420220966,0.3220915878321257,0.0194935865679761
9971475,5.357,[ 0.20731948  0.38486504  0.03838359  0.08460103 -2.29328204  0.0383067 ],43938.63920305743,11.0,0.2372283981397316,0.2367532318397165,0.0010078264340373
10020423,7.448,[ 0.17193296 -1.26486641  0.04263903  0.00648621  2.36444653  0.04148419],39436.30705000727,51.0,0.2635290295737982,0.2563915607884262,0.0242331494365025
10031409,4.144,[ 0.2146788  -0.1333612   0.03933573  0.1941257   1.93860655  0.03957324],48605.70841505829,11.0,0.2431130601651052,0.2445810080895056,0.0030100018133081
10091257,3.404,[ 0.05603657 -0.49713696  0.02794949  0.04547333  1.20591214  0.02820811],21591.20188085474,41.0,0.1727408071982228,0.1743392557249765,0.0046307919776946
10095512,6.017,[ 0.13055315  0.35643511  0.04309371  0.05844442 -2.64769568  0.04356936],19806.50344446375,111.0,0.266339149576138,0.2692788911336095,0.0056057732097348
10129482,0.846,[ 0.18534224 -0.15902569  0.01701089  0.04384725  0.26504804  0.01631153],82510.32570104703,31.0,0.1051351946014307,0.1008128646256166,0.0210819528030415
10155080,3.861,[ 0.06568694 -0.35066936  0.03549712  0.04205557  1.58020984  0.03559136],10552.125268534724,11.0,0.2193887164502694,0.2199711235803274,0.0013345278496097
10189523,1.014,[ 0.04294128 -0.11363192  0.01497367  0.02896772  0.39588263  0.01389508],5974.426040229386,21.0,0.0925442110586956,0.0858780781672422,0.0375640611226488
10215869,5.017,[ 0.15621857  1.41849761  0.04472117  0.00642471 -1.08979899  0.0425697 ],686724.4597617126,41.0,0.2763976345293173,0.2631005208616201,0.0246472725073899
10257903,0.859,[ 0.08325587 -0.35214853  0.02357285  0.04372759  0.07894283  0.0175438 ],191920.0972111425,21.0,0.145691173517127,0.1084288233043377,0.1466617654020748
10259029,7.061,"[ 5.83662463e-02 -2.62074527e+00  3.07626777e-02  2.27747749e-03
  1.51439657e+00  1.67494044e-02]",37134.08094560447,11.0,0.1901276408636327,0.1035191008682141,0.3241651757385739
10264202,1.035,[ 0.10487441  0.00543137  0.01903478  0.06688466 -0.50954207  0.0156459 ],195048.7665981179,11.0,0.1176438103753535,0.096698949392989,0.0977918777366401
10268903,1.104,[ 0.05856117 -0.27803042  0.01336669  0.03084839  0.27479571  0.01307476],23082.39504378538,21.0,0.0826123795410093,0.0808080853660415,0.0111032025731734
10274244,13.684,[ 0.20604567  0.98864865  0.04209284  0.01233666 -6.46465464  0.05434272],693393.4132619784,101.0,0.260153316593621,0.3358632838566837,0.1451201633872237
10275074,4.363,[ 0.08918737  1.0947113   0.04009563  0.08714021 -1.08684416  0.04007312],119892.49718459536,41.0,0.2478096272016938,0.2476705206130223,0.0002814604019755
10287248,4.722,[ 0.08925609 -0.96333856  0.03525168  0.00704227  0.63052056  0.02282911],208411.65578094585,11.0,0.2178717644041288,0.1410945023903429,0.3329715528238388
10294608,3.709,[ 0.50384019 -1.02859449  0.0414343   0.37496649  0.82584143  0.04316706],169823.5171959267,11.0,0.2560832330771281,0.2667925104661941,0.0204815138598811
10351767,0.635,[ 0.03180257 -0.03052937  0.01756579  0.0221421   0.28805356  0.01538223],101751.51220393796,21.0,0.108564721498441,0.0950693270685585,0.0663268990484921
10384962,2.879,[ 0.05409072 -1.10973407  0.0263698   0.00170177  0.33168949  0.02059028],9834.43943833428,21.0,0.1629776048590807,0.1272575229812472,0.1230773851288628
10385682,6.207,[ 0.38043251  1.36285271  0.05863028  0.36937052 -1.74081213  0.05892229],51084.80237158037,11.0,0.3623623827717335,0.3641671000354174,0.0024843750751243
10454401,12.181,[ 0.42183955 -4.34803132  0.03550374  0.33958197  2.0576923   0.07277512],17486.963105142953,11.0,0.2194296017696011,0.4497840826378265,0.3466085335385203
10483644,5.111,[ 0.0510172   1.80294101  0.02350878  0.00278636 -0.75415118  0.02041489],4804.698890328646,21.0,0.1452951818648551,0.1261735086069009,0.0704395584152347
10487119,6.749,[ 0.08707787 -0.87012804  0.04139608  0.07042321  2.50286304  0.04138035],66347.85724995626,41.0,0.2558470172566058,0.255749761527503,0.0003993449377983
10489521,3.225,[ 0.37745718 -1.12067565  0.03935213  0.23281357  0.49231808  0.04023516],177659.2372958786,61.0,0.2432144409960894,0.2486720013804588,0.0110977690724381
10490960,5.682,[ 0.22247401  2.12688681  0.0468081   0.21483695 -0.43267238  0.05281538],28433.469619782634,11.0,0.2892958154847589,0.3264235965311531,0.0984359619758897
10547685,2.777,[ 0.04202142  0.13956792  0.02612709  0.04087965 -1.24923315  0.02587099],15231.014033032034,31.0,0.1614775371057432,0.1598947206941776,0.0049281240673462
10551346,1.428,[ 0.00533351 -0.32547101  0.01291016  0.00356752  0.38648677  0.01189928],2547.8818846647346,11.0,0.0797908000570065,0.0735431026154367,0.0408075816071766
10556578,1.253,[ 0.03839857 -0.28451851  0.01803546  0.03591526  0.34169839  0.01813301],70610.66837692635,21.0,0.1114675024198073,0.1120704523301628,0.0027205523501834
10593759,6.265,[ 0.01067194  2.93802496  0.03404141  0.0100632  -0.1889802   0.03288707],1751.3755075299075,11.0,0.2103917508573385,0.2032573739502686,0.0173023487220642
10613718,1.176,[ 0.0082052   0.34905486  0.01369567  0.0062013  -0.23913975  0.01376809],1725.472631261767,31.0,0.0846455818712991,0.0850931638508569,0.0026496684130357
10711551,10.692,[ 0.37623374  2.26633574  0.04697565  0.2337526  -2.73143235  0.06251614],62014.706024823055,101.0,0.2903313417982627,0.3863787697025556,0.1508717364960082
10728219,3.372,[ 0.37896275 -1.17391284  0.03226906  0.04487006  0.51389058  0.03146067],210461.29953931607,31.0,0.1994377997261791,0.1944415837372823,0.0127124233714516
10794242,7.144,[ 0.22310294 -0.85268752  0.05645907  0.01617779  2.56982509  0.05819751],253919.54646079044,71.0,0.3489433041337708,0.3596876333946204,0.0361972766961058
10816107,2.162,[ 0.05353605  0.28885496  0.03993039  0.00083687 -0.7928558   0.02753275],45694.015918528086,11.0,0.2467883522043543,0.1701652051108073,0.1837697467004132
10848459,3.474,[ 0.00831647 -1.15434638  0.02207553  0.007657    0.58208023  0.02280786],1482.9111739006398,21.0,0.1364370340612941,0.140963163345233,0.0163183036807279
10879213,1.337,[ 0.45844637  0.08225369  0.01996088  0.2881031  -0.58627973  0.02037622],15261.22258885813,41.0,0.1233675424779334,0.1259345358592456,0.0102967935894227
10923260,7.436,[ 0.11859973 -2.42980291  0.0427524   0.00456295  3.03731835  0.03261593],44178.998209172576,41.0,0.2642296765151828,0.2015816165455684,0.3932043046634775
10935310,4.129,[ 0.15819048 -0.34538491  0.02532101  0.0090484   1.71444876  0.02617544],17192.433222057,11.0,0.1564956046181221,0.1617763706959198,0.0166866886113295
10960995,3.117,[ 0.06832067  0.50546447  0.02866296  0.04440939 -1.05386091  0.02817559],145885.19819107544,51.0,0.1771503909132001,0.1741382327628805,0.0085846790116852
10965963,6.64,[ 0.22858148  1.26469575  0.0531526   0.19762425 -2.21014913  0.05813733],142333.37671104923,11.0,0.3285077366529161,0.3593156842518068,0.057862054765235
10979716,10.684,[ 0.08546003  2.58006619  0.03139631  0.06265401 -2.62225887  0.02816021],2314.8727207862084,11.0,0.1940438123745416,0.1740431733605429,0.0580877284816084
10987439,10.675,[ 0.01740127 -3.30262799  0.03585455  0.01437875  2.25042694  0.03088358],11856.70038463342,11.0,0.2215977896393939,0.1908748522014249,0.0809569918184946
10991989,0.974,[ 0.00856219  0.13915158  0.02387553  0.00474419 -0.34714303  0.02374903],44002.337039022976,61.0,0.1475618454095013,0.1467800642773593,0.002889397548542
11021252,3.269,[ 0.06052788 -1.52401428  0.02560772  0.00193039  0.10940269  0.02005478],3630.989421246382,21.0,0.1582676052447378,0.123947886976545,0.1216093143893855
11044779,15.609,"[ 2.62044962e-03 -5.17248202e+00  3.07613248e-02  2.81435121e-03
  6.06259828e+00  2.36268436e-02]",4224.754432498436,11.0,0.190119279437873,0.146024870632635,0.3693146316482471
11073223,11.579,[ 0.30761781  0.28554159  0.04102193  0.14459031 -3.70918971  0.077391  ],26472.967695085208,91.0,0.2535346000493111,0.4783123282316897,0.3919367274870093
11099351,2.378,"[ 4.64982256e-03  1.29665586e-01  2.36137886e-02  9.22499156e-04
 -1.06296365e+00  2.29067207e-02]",1284.201244367618,61.0,0.1459441846245482,0.1415741767098621,0.0153869557546713
11124509,8.893,"[ 7.79335893e-03  4.21810445e+00  2.36025899e-02  3.29991076e-03
 -2.28209087e-01  2.21364470e-02]",1871.1907029505885,21.0,0.1458749718323915,0.1368135275899439,0.0320545372168178
11134079,1.261,[ 0.15563794  0.54447107  0.02219494  0.01563856 -0.08766599  0.01882088],212800.01927772383,21.0,0.1371750404802993,0.1163218090504302,0.0822875626343774
11147276,3.133,[ 0.11864029 -0.54046884  0.02969069  0.06945175  1.02547777  0.02944684],39369.64762445892,41.0,0.1835022409548479,0.1819951772748814,0.0041326467345902
11147460,4.108,[ 0.00436365  1.42972456  0.03683883  0.00367004 -0.62528684  0.0360907 ],2545.899623078804,21.0,0.2276810762756156,0.2230573015351724,0.0102655102683788
11193447,0.626,[ 0.03312361  0.12803319  0.01752997  0.03099023 -0.18536463  0.01646266],212876.9389500013,21.0,0.1083433682894617,0.101746885453646,0.0314141932573335
11198723,6.84,[ 0.12762421 -0.77979216  0.03905854  0.03910929  2.62390441  0.03906845],4999.353068388854,51.0,0.2413998993778503,0.241461144765843,0.0037462078528239
11200773,2.49,[ 0.02365925  0.52966016  0.02622123  0.00264617 -0.71435524  0.02456603],5298.2549753023495,21.0,0.1620594000956157,0.1518294595489542,0.032596882282328
11228612,2.98,[ 0.38028166 -0.08793205  0.03197404  0.08721195  1.40123172  0.03381159],94827.13124134368,51.0,0.1976144279420428,0.2089713070386829,0.0279357884153303
11232745,9.634,[ 0.03625461 -3.22690447  0.0247649   0.02303791  1.5904161   0.02354193],1145.7154604402883,11.0,0.1530586107302687,0.1455000712948617,0.0253168170930227
11233911,4.96,[ 0.18766074 -0.3500912   0.05120658  0.1315974   2.13027827  0.04923969],75681.19812401179,51.0,0.3164804677101877,0.3043241356379649,0.0195819248680186
11250867,2.253,[ 0.27632047 -0.16958452  0.0298139   0.03422825  0.95753436  0.0280738 ],125246.57490385351,31.0,0.1842637555220876,0.1735091461533234,0.0300629734843271
11252617,4.478,"[ 1.25121445e-01 -1.06686837e+00  3.19147790e-02  1.15529135e-03
  1.17141796e+00  2.00625169e-02]",74907.5557621933,11.0,0.1972481620212769,0.1239956756520523,0.2280278153976636
11287726,4.738,[ 0.11058325  0.81189415  0.05646636  0.00193115 -1.56259997  0.03625857],40876.13275429871,11.0,0.3489883605689616,0.2240948301783318,0.217940247756133
11350389,1.513,[ 0.02748602  0.51021155  0.01723499  0.00716822 -0.24680696  0.0155264 ],2621.547964613458,21.0,0.1065202208703017,0.0959603637913425,0.0521552208154074
11358392,0.985,[ 0.00689004  0.04415276  0.01577508  0.00125218 -0.44915681  0.01216912],2580.952277628851,11.0,0.0974973390603198,0.0752108298931323,0.1290478885516983
11391181,8.617,[ 0.18652594 -1.06043262  0.03515644  0.11088588  4.17960861  0.0395903 ],17113.707898449615,31.0,0.217283142750677,0.244686465830954,0.179873458563009
11391667,1.084,[ 0.00877423 -0.49201488  0.01565203  0.00708081  0.05035305  0.01523396],1772.9272213679264,21.0,0.0967367930843671,0.0941529696984368,0.0135461794853203
11404644,5.903,"[ 6.31813426e-02 -1.02690599e+00  6.31695562e-02  7.96852898e-04
  1.87511576e+00  1.51744127e-02]",17725.915918060593,21.0,0.3904172066543884,0.0937849204733152,0.6127622485021903
11455484,6.143,[ 0.06954326  2.30812995  0.06339228  0.01761826 -0.6953638   0.06166567],25329.147830495294,91.0,0.3917937140701708,0.38112246698325,0.022203940701709
11457191,2.298,[ 0.04252406 -0.83946042  0.0316771   0.02765044  0.30860054  0.03158014],42286.79465644788,31.0,0.1957791813805778,0.1951799232216145,0.0016617627855914
11546211,2.194,[ 0.03943208 -1.08792416  0.01441294  0.03298948  0.00888972  0.01496922],56864.979809420605,11.0,0.0890786954364983,0.0925167374125428,0.0189328942807469
11548140,2.757,[ 0.02323449  1.04525819  0.01472795  0.0231359  -0.33395639  0.01456215],211501.3349856813,11.0,0.0910255494886818,0.0900008781070021,0.0056749642764832
11564013,1.751,[ 0.01139329 -0.66384308  0.01519359  0.00590946  0.20959601  0.01387024],27920.43883028658,11.0,0.0939034159622447,0.0857245118861285,0.0455699941777607
11616200,1.719,[ 0.19816779 -0.35991542  0.03631469  0.00445725  0.50291807  0.02475538],255757.28038372617,11.0,0.2244416368190495,0.1529997576543912,0.1893039048623135
11662440,13.639,[ 0.08819727  2.04701571  0.02859162  0.02984468 -1.98115509  0.03248467],25396.837593946613,31.0,0.1767094838379996,0.2007703482747058,0.3277340941541706
11673686,4.619,"[ 3.60599008e-02 -1.00814596e+00  7.13712053e-02  4.85979290e-04
  1.37865133e+00  1.49117678e-02]",138305.1868153769,11.0,0.4411072083979924,0.0921616532992244,0.6548798002008861
11704044,13.765,[ 0.40001086 -1.29779796  0.04607041  0.37268207  5.5845766   0.04612588],61478.06793540959,11.0,0.2847365373395711,0.2850793776973184,0.0006018388761013
11858541,5.674,[ 0.0374928  -1.43020974  0.0379515   0.01081449  1.6069541   0.03539694],4063.8976168228382,71.0,0.2345578858262778,0.218769512447583,0.0654494947122534
11873166,1.469,[ 0.12348145  0.37640109  0.02400692  0.08278761 -0.35721378  0.02376564],66851.7733615844,21.0,0.14837393114894,0.1468827065823724,0.0051385212490096
11922782,3.513,[ 0.24751931 -0.80386404  0.0414993   0.12991856  0.95293084  0.04273204],1977192.9315507368,41.0,0.2564849631525518,0.2641038715173214,0.0146357683082112
11967004,1.942,[ 0.07054921 -0.34702615  0.02255062  0.00528205  0.62393372  0.02029105],26436.636152210613,21.0,0.139373330921585,0.1254081284664367,0.0527423828393522
11968490,1.079,[ 0.03216122 -0.15823604  0.0211947   0.01907942  0.38326408  0.02062633],29136.77917139474,31.0,0.1309930745745795,0.1274803234821453,0.0138987995966388
11975363,3.518,[ 0.33811985 -0.6156437   0.03876044  0.31258591  1.14394467  0.03912654],38194.29296175653,51.0,0.2395575571496861,0.2418202053052618,0.0047076946879585
12004679,5.042,[ 0.49238366  2.23229064  0.03468089  0.39602183 -0.28350424  0.03497818],95494.35148539176,31.0,0.2143440047275495,0.2161813780368391,0.0045654458969966
12010534,2.582,"[ 1.83324972e-01 -1.14945967e+00  4.80347717e-02  1.11672920e-03
  1.45646170e-01  4.05776511e-02]",89659.2752859651,11.0,0.2968772063987437,0.2507887363722144,0.0841914095455111
12013615,8.203,[ 0.3537905  -1.20412839  0.06265313  0.28681232  2.92572528  0.06546619],172034.2370364713,11.0,0.387225473779921,0.404611491088521,0.022617904427151
12022517,3.443,[ 0.05617645  0.49292706  0.03073985  0.02227281 -1.2231057   0.03056952],108925.700095055,41.0,0.1899865492662021,0.1889338554507884,0.0037335851577898
12109575,0.532,[ 0.04667627  0.08065439  0.01002182  0.03711682 -0.18669724  0.00969163],663169.1299553611,11.0,0.0619394909606716,0.0598987780230702,0.0172182474245506
12109845,0.866,[ 0.28786046  0.30641941  0.01842174  0.08535999 -0.12764401  0.01519209],158719.86754049984,21.0,0.1138549328429563,0.0938941509377088,0.0961005629201652
12351927,10.116,[ 0.05757767 -1.64490058  0.02510984  0.00512358  3.37324785  0.0180515 ],1669.4593133587662,11.0,0.1551904466650202,0.1115666578128102,0.1636507832434337
12356746,1.005,[ 0.04352652 -0.17313404  0.02071181  0.03327333  0.32931049  0.02018628],17525.84282927937,21.0,0.1280085845745479,0.1247605731436785,0.0128500066900762
12365000,1.263,[ 0.01668209  0.29188039  0.01651356  0.00894333 -0.33942593  0.01677462],4785.6496479073,21.0,0.1020614735102625,0.1036749668828304,0.0078462245049977
12367310,8.627,"[ 3.80413454e-02 -1.42866675e-01  4.21666590e-02  1.17140824e-03
  4.21880020e+00  9.21889219e-03]",3090.5596069267717,11.0,0.2606095440717638,0.0569770369410367,0.641247354492723
12400729,0.932,[ 0.07484379  0.03498458  0.01778641  0.00858487 -0.43435081  0.01625337],32407.60761438557,21.0,0.1099282795623581,0.1004533963657148,0.0453861186426431
12418662,2.752,[ 0.06623681  0.04752588  0.04220466  0.00861817 -1.3338086   0.03293258],29702.223627194748,31.0,0.2608444336767773,0.2035386476562259,0.1234395262443618
12418816,1.522,[ 0.37696109 -0.31797645  0.02313078  0.36738694  0.44431808  0.02370771],820136.4440644515,31.0,0.1429589766216952,0.1465246902388657,0.012389741216423
12470530,8.207,[ 0.39466038 -3.8937309   0.03617712  0.13566959  2.11544379  0.03120439],14684.744277760772,11.0,0.2235914023827399,0.1928576539479758,0.3721318844760842
12506351,2.456,[ 0.05444074 -0.25806464  0.0249058   0.03861147  0.96860819  0.02457716],23914.26473223892,31.0,0.1539293890689225,0.1518982547597859,0.0066954578573116
12557713,7.215,[ 0.04517744  0.98595655  0.0223011   0.00975944 -2.69647096  0.02018965],2811.0628296242658,21.0,0.1378311501340953,0.1247814025205809,0.052301047147283
12599700,1.018,[ 0.05225819 -0.26862629  0.01115258  0.0249006   0.24086983  0.0104244 ],9949.919934145282,11.0,0.0689281198560215,0.064427609171497,0.033756842756261
